ISO3,Name,1995,1996,1997,1998,1999,2000,2001,2002,2003,2004,2005,2006,2007,2008,2009,2010,2011,2012,2013,2014,2015,2016,2017,2018,2019,2020,2021,2022
AFG,Afghanistan,34.78230852,34.77591291,34.85503613,35.02530797,35.01915049,35.01572437,35.41938907,35.82817988,36.59156502,36.24738475,33.28604272,31.45342615,31.35267602,31.0517326,31.04514634,31.80942855,30.98616198,32.07781473,31.9227797,32.87312585,33.02857874,33.31460463,32.55337333,32.43358568,32.9906447,32.72233541,33.00663076,33.20745628
ALB,Albania,43.67662257,43.65950336,43.59664926,43.34295709,43.05150358,43.19100939,43.41122356,43.83352288,43.80753658,44.47926376,44.12110785,43.59427127,44.24745394,45.03890805,46.04021755,46.57192572,46.62894479,47.40779138,48.03515867,49.50667562,49.96319918,49.62552839,49.57515268,50.10058985,50.02570686,50.3446072,51.18779172,51.75717999
DZA,Algeria,45.11279239,45.22543025,45.12291994,45.12140908,45.45173398,45.73127075,45.94394816,46.13817505,46.59356308,47.17527571,47.36639621,45.8413459,45.85364744,46.01029986,45.79865783,45.31196737,44.84957188,44.92751702,45.65835345,45.58732054,45.80952768,46.30523142,47.35397468,47.36123554,47.38204084,48.65435167,48.27418489,48.66650113
AND,Andorra,,,,,,,,,,,,,,,,,,,,,,,,,,,,
AGO,Angola,34.72315291,34.71267093,34.65600673,34.59863768,34.63377525,34.66488583,34.94618819,35.43765372,36.10147597,36.15045192,35.61475181,34.30310557,34.67373483,34.96554299,35.15958756,34.36833291,34.31826587,35.10944191,35.45180391,35.60440726,35.2905202,36.632381,36.70460511,37.16302564,37.34785969,37.35887935,37.87058687,38.07951616
ATG,Antigua and Barbuda,48.44743829,48.49028473,48.58047257,48.62507201,48.64190446,48.76403888,48.86648768,49.1051068,49.30910862,49.35924541,49.97515307,49.17462891,49.34829499,49.7134904,49.90318411,50.30628429,49.86210251,50.105227,50.02065261,49.17998022,49.34582557,49.12422352,48.29052267,48.80475132,49.29545068,49.06162194,48.85487278,49.0753984
ARG,Argentina,49.10275375,49.24868237,48.98240082,48.80182906,48.84572494,48.95283421,47.59966769,46.62532481,47.21256789,47.13617571,48.52729719,47.4007225,47.98368827,47.6045556,47.48356441,47.94576882,48.03624849,47.7785865,47.36500997,46.9467432,47.1286098,48.88528009,49.02916822,50.22120353,50.21362385,50.57627982,50.21558288,50.20610221
ARM,Armenia,48.7226174,49.03365826,48.52934266,49.02966509,49.53076014,49.6498563,49.84793972,51.59834659,52.3070569,51.58972963,52.46420486,51.7336103,51.98775738,53.30626662,53.05835708,53.39010282,53.34223321,53.73076736,54.52852741,55.39028173,55.73203469,56.21120887,56.32812851,56.52220856,57.0300298,56.60189532,56.92060629,56.95075776
AUS,Australia,63.54614859,63.12357517,63.15906716,63.34219168,63.68878107,64.10011688,64.43063973,64.55171671,64.83830395,65.35242702,65.6036205,67.82116188,68.20885521,68.66950849,68.27343027,68.66772553,68.87548904,69.01818219,69.62487796,69.73484981,69.54127708,69.46706614,68.94633659,69.78714797,69.84864264,69.19739744,69.78422352,69.54741546
AUT,Austria,64.88452457,65.17085353,65.30246555,65.32465889,65.62830604,65.85717159,66.28673806,66.58675182,66.44649117,66.76512277,67.22622818,68.72991842,69.36945136,69.21092965,68.36292314,68.79643379,68.76891932,69.21930545,69.89379543,70.43288021,70.41068392,69.61610772,69.81260667,69.85941099,69.60542581,69.61989375,69.61003231,68.98539992
AZE,Azerbaijan,43.06882865,42.92449393,43.52068148,43.84102699,43.79361896,43.83373674,44.5342028,46.58214375,46.94137244,47.30542285,47.8059908,45.54209764,45.7102721,45.76403811,47.6419031,47.13420722,47.46696826,47.33702762,48.6041874,49.92117589,50.40498493,51.34554869,50.77992902,50.98583866,52.03643599,51.27248495,51.95564701,51.75034465
BHS,Bahamas,48.97250906,49.02302537,49.24570588,49.34351571,49.47930035,49.75582345,49.96394147,50.20804239,50.09565442,50.26133384,51.39494386,54.53401269,54.74602513,50.08193956,49.50239097,49.46783186,49.64026822,49.98214298,49.59582999,49.88072668,49.46783174,49.06136783,48.67768101,48.51064453,48.61288423,48.31511692,48.46433441,48.46374532
BHR,Bahrain,46.67691866,46.5831777,46.8775268,47.1975794,47.49081224,47.83346514,48.5604227,49.2434191,49.15559365,49.30935125,49.90234506,52.81750678,53.62681459,50.83812283,51.19637469,51.06356579,51.35344271,51.47632348,51.49975028,52.38757128,52.21484353,51.6884271,51.28399269,51.35335452,51.7737472,53.2725696,54.30612524,54.77009037
BGD,Bangladesh,38.14901211,38.20846197,38.05138937,38.63244029,38.43879975,38.2796771,37.95122014,37.8535735,37.58459977,37.29441197,38.5460114,42.71247027,42.90795183,43.49073982,43.65106649,45.11957491,45.30113443,45.67148605,45.87022014,35.38537757,35.45403907,36.56599873,36.94964301,37.3011692,37.31169077,37.63175157,36.21342438,36.02837863
BRB,Barbados,55.75706046,55.78689731,55.86863325,55.99537101,56.17854435,56.61796921,56.66752735,56.32274518,56.76953324,57.56695078,58.63736617,61.82416603,62.28262629,62.4624865,61.67929854,62.76900094,63.62099359,57.69504075,57.8915445,57.44012555,58.05369811,57.23845382,57.8959776,57.51699958,57.68472357,58.22008216,60.88498398,61.06022037
BLR,Belarus,49.9800925,50.37410294,50.30365959,50.70279124,50.73037244,50.44475695,50.57622809,50.58175025,51.88359529,51.81690868,51.87591795,49.54044398,50.6575119,51.71492298,53.9731096,53.98507307,54.73253218,56.1366874,56.2970704,55.88908415,55.76288931,56.98731589,58.19885352,58.54655908,59.17848394,57.85357103,57.63828334,57.05848424
BEL,Belgium,59.37399374,59.65783626,59.56421096,59.0557628,59.14841148,59.50961194,59.69263513,60.18917105,59.76834946,60.04016169,59.80090379,61.0513967,61.29607674,61.70689078,62.13111647,61.71421282,62.07140728,62.48631881,62.84883821,63.61294622,63.56262357,63.24563196,62.89931526,62.38827859,62.82996056,63.19911619,63.5606807,63.4522143
BLZ,Belize,43.92439374,44.34413896,44.21781822,44.57636855,44.5267604,44.81078561,44.79478358,45.64481188,45.80200949,44.74365258,45.78951558,43.02497083,42.90302456,42.98745326,43.24804971,43.1647282,42.7862505,43.22999495,43.85049175,42.90018387,43.50564632,43.52591809,43.51789536,43.53798289,43.29562567,43.5360405,43.24500604,43.67561291
BEN,Benin,38.94210587,38.79649318,38.75588488,38.72264183,38.65633089,38.5947577,38.13320478,37.85250935,38.05520286,37.79896401,36.92562935,36.11503986,36.43265405,35.84600999,35.42318828,34.27760961,34.67538289,34.61565068,35.3029581,35.2883,36.25902709,36.09772155,36.78033481,37.30537878,37.22298742,37.75628407,37.8253644,38.34051844
BTN,Bhutan,41.6845998,41.64507781,41.59678476,41.56148918,41.46792113,41.37718234,40.65076231,41.36254341,42.46718652,41.59430185,42.23064876,40.75844451,42.26881716,43.27510766,43.2821993,42.66684474,42.78357662,43.17138148,43.60429461,45.22671388,45.62879078,47.25797875,47.76747204,48.2599955,48.41778475,48.65143539,47.346218,47.56446277
BOL,"Bolivia, Plurinational State of",41.32384864,41.48461911,41.75596614,41.98279339,41.73477791,41.37037801,41.44875161,41.07644664,41.03959832,41.45292454,39.96180206,39.78957597,40.02490388,40.15834145,40.43483548,40.84508424,41.0495201,40.76216648,41.18190725,41.01504792,40.81971341,41.29917224,41.93803257,42.03265881,41.76510497,41.86899133,41.69534554,41.64560831
BIH,Bosnia and Herzegovina,46.98239231,47.15099333,47.19615307,47.01639786,47.17190356,47.30742322,48.09450571,48.3255175,48.47830656,49.27520523,48.63362188,47.65390278,47.90472729,48.4877868,48.4627051,48.58599045,49.15962921,49.68492282,50.48604918,51.47045197,50.64619113,51.00713514,51.27054289,51.37180634,50.87084123,50.69825797,50.87036207,50.97545843
BWA,Botswana,43.72789013,43.7846497,44.04368882,44.35918985,44.62117948,44.79930578,44.84655863,44.75918462,45.77769245,45.34516824,46.05805885,45.45318485,45.50189734,45.86048619,46.22552374,46.43107607,46.59868282,47.27432866,47.32958547,48.60127979,48.56048048,49.64576174,49.17612304,50.08356525,50.05623443,49.9754319,50.13995109,50.00615935
BRA,Brazil,47.18948421,47.15257635,47.30158682,47.42392579,47.77898454,48.16115605,48.45553167,48.86028206,48.8745512,48.73200322,49.29077057,50.91925737,51.15261663,51.63618849,52.48871931,53.3610482,53.52204925,53.47230443,53.51469963,49.30841489,49.08117932,49.34073081,49.10702945,49.05383743,49.25258824,49.51645663,49.3996816,49.52378151
BRN,Brunei Darussalam,50.50695835,50.59901922,50.22585459,49.78949517,50.01566597,50.20817056,50.50741633,50.90518474,51.14062303,51.74719831,52.422945,55.63746013,51.83324151,51.96185294,53.24311433,53.61470331,53.60020936,53.70867509,53.87643909,54.75686744,54.48760038,54.62088772,54.62030586,55.83647943,55.40321342,56.25591771,56.35959064,56.53529771
BGR,Bulgaria,50.72198219,51.15753223,52.34655359,52.45541627,52.36307218,51.73126689,51.94018677,52.64602742,53.1215771,53.41470469,53.65507773,53.54906986,53.68707896,53.6796352,54.00382065,53.9682131,54.36010268,54.79252673,54.99451398,55.56737929,55.53502224,55.37583075,55.22661489,56.32876053,56.40939859,56.0675011,56.19473417,54.98756749
BFA,Burkina Faso,35.90313344,35.84130372,36.03111137,35.99240996,36.07436221,36.39855709,36.51109614,36.36160138,36.36841239,36.82590259,36.08569487,34.27036241,34.93952383,35.25718449,36.15029002,36.02977592,36.09018595,36.16241659,36.11837828,36.61696678,36.60061252,37.97234738,38.69109824,38.80041262,38.51279891,38.13562693,38.15762697,37.98945869
BDI,Burundi,34.64817133,34.75888166,34.70324266,34.68981934,35.23866739,35.22682802,34.15545085,34.61331373,34.39483222,34.19502665,34.40279534,32.85528283,33.1155639,33.16711663,33.02806478,31.98053795,31.41075976,31.25962989,33.33209266,35.80351075,34.93020402,35.29144257,35.32793437,35.33292397,35.36849412,35.24696456,35.61029409,35.89958859
KHM,Cambodia,37.74177395,37.75204958,37.72113757,37.70275332,37.77404972,38.10952128,37.87123523,38.10057331,38.18532636,38.06735542,37.91041895,37.38675485,36.95326964,37.99996462,37.90206467,37.94424355,38.47692016,38.85571551,38.80813128,39.1515342,39.17110048,39.76781472,40.31494591,40.2517976,40.28926104,40.17665041,40.05859632,40.32958349
CMR,Cameroon,38.03820972,38.15807353,38.422084,38.73846527,38.75928484,38.80737911,38.95239891,38.81966021,39.53052493,39.71490444,39.04249813,37.95483627,37.83285952,37.67558468,37.5890786,37.51396988,37.62004824,38.15621872,38.28954461,38.3327925,38.301469,38.85952173,38.82131332,38.68197401,38.66771793,38.77070409,38.51551948,38.67116903
CAN,Canada,65.26909623,65.3443795,65.4885537,65.33754922,65.73549408,66.04038915,66.06847301,66.09241917,66.06193829,66.84343991,67.50925427,69.76329434,69.80726186,70.04361538,70.1234895,69.13936798,69.53031437,69.47940365,69.61471145,70.26427838,69.86806119,69.33202818,69.10255553,68.5795517,68.56279625,68.22984114,68.4720205,68.45844735
CPV,Cape Verde,47.73596987,47.75828868,47.7112354,47.68159022,48.0170516,48.14012819,47.41913008,46.87769872,47.29972273,47.26457391,48.54070251,46.91463879,47.49789079,47.77300035,48.19082287,48.13093905,49.17630494,48.89554313,48.831162,49.9866613,50.8907628,50.74822893,50.60062024,50.52005831,50.72682064,51.00790664,51.10957707,51.07369998
CAF,Central African Republic,34.27432445,34.36929011,34.14738595,34.14440932,34.05069001,33.76217072,34.13288155,33.85627513,33.55788305,33.22980473,32.02215406,29.74048235,29.02344515,29.0467414,28.22848746,27.88625485,27.44366066,28.08003784,26.84912214,26.5451568,26.95336905,28.00961661,27.66443902,27.56008347,27.8358001,27.58166609,27.72604139,27.8948032
TCD,Chad,29.95351354,29.95504495,29.88561497,29.8849039,30.02784342,30.17621875,30.09651123,30.07961986,28.77741675,29.32077103,28.39124659,26.06854475,26.29998517,25.94597557,26.17908401,25.82963488,25.59661591,26.05508232,26.27894368,26.14431189,26.024824,26.33624475,26.67475245,26.72787506,26.85957762,27.23661877,27.0480699,27.15530682
CHL,Chile,54.09062906,54.10714635,53.76448955,53.43099075,53.92744392,54.58022274,54.9746964,55.47685703,54.98225782,55.35555056,56.15096339,56.99590159,57.53956752,57.82760685,57.69736958,58.33587481,58.74366015,59.78511774,60.15435263,61.41369775,61.08030825,60.21519958,60.16422756,60.50748675,60.09253785,60.03368462,60.20828972,60.12239904
CHN,China,49.2775058,49.47014006,49.44583705,49.38228975,49.50585514,49.73603785,49.56775251,49.48901943,49.24163511,49.56161077,51.03116724,55.08712967,55.94974,57.05935046,57.82978221,59.82100623,60.1896511,60.45937564,60.86337198,53.72792666,54.41832989,54.53079147,55.10629557,55.42724523,58.77925522,59.66834574,59.99986823,60.18258226
COL,Colombia,42.34171636,42.35014306,42.41198839,42.48119034,42.49133751,42.70992028,42.99682829,43.12469004,43.07106807,43.49411409,44.19846188,43.20060871,43.56260486,44.36931102,45.19865443,45.96814179,46.80694859,46.87847766,46.98065437,48.13621051,48.16755168,48.03704366,48.03185073,47.93488665,48.37615898,48.50104707,48.41689849,48.69046956
COM,Comoros,38.05928388,38.20172013,38.17283617,38.28513835,38.62693355,37.65756998,38.27909721,38.94998062,37.79449415,37.60170024,38.83918453,37.16479329,37.11839623,36.27768213,36.50395427,36.66749574,36.3618594,36.42072349,37.30721575,37.80612945,38.19957497,38.530274,38.36090231,37.9381232,37.26087962,37.3243272,36.81212231,36.85980008
COG,Congo,35.67173883,35.73261511,35.23467315,34.77412107,35.31522457,35.92454933,35.95625892,35.65099715,35.85801824,35.6441396,34.78220615,33.79108972,34.00061407,34.5251378,34.54366289,34.45013476,33.8993804,33.17154626,33.75909188,34.47578062,34.36710953,36.50858357,35.70282717,35.91338259,35.63118203,35.17170389,35.6798531,35.87536579
COD,"Congo, the Democratic Republic o",33.33298333,33.25008893,33.16618666,33.09529767,33.03092566,32.99485753,33.44691615,33.4957999,33.37435035,33.52981721,32.47863531,29.4590983,29.33529268,29.03734264,29.07593439,27.90220073,28.8654641,28.90954925,29.02356938,28.95141684,29.71945757,31.95544741,31.88354876,32.41031338,32.35466532,32.39938038,32.38909727,32.51280111
CRI,Costa Rica,47.55209129,47.68708334,48.40500606,48.90796206,48.80804748,48.80847879,48.46789574,48.62213321,48.72438981,48.7732076,49.25050051,48.1813228,48.25867124,48.8741287,49.29069107,50.9004534,50.67700786,51.42886995,52.12341731,53.30764353,53.62620237,53.29454138,53.09686273,53.24637609,53.39126938,53.51956695,53.34077525,53.6617055
CIV,Cote d'Ivoire,40.34535629,40.41603742,40.1477405,39.77120667,38.84829242,38.06461229,37.82326091,37.61044314,37.33587644,36.66057166,36.00152921,33.99803469,34.71548325,34.62672049,34.97054207,34.32475123,34.19625788,34.93485255,36.12099369,37.8428055,38.82918014,39.81277365,39.89966309,40.43713725,40.80701967,40.93639804,41.22280583,41.64955739
HRV,Croatia,50.28102076,50.29342237,50.50941037,50.75256348,51.37621185,52.24568505,53.06791019,53.47358973,54.2936293,54.72220833,54.14646996,53.27669946,53.78945915,53.76374492,53.5874508,54.29558541,54.31168016,54.42391238,54.83035827,55.1557356,55.32783722,55.66432914,55.37719524,55.52438343,55.73844297,55.40139412,55.32560825,55.44494676
CUB,Cuba,41.35931464,41.26242447,41.05180762,40.92012775,41.64971204,42.12116063,42.23362127,42.26742305,42.04394963,43.21030406,44.12598153,45.99043368,47.12948747,47.67022842,47.22894774,46.10617085,45.29996405,44.48026719,43.6107943,43.75654696,43.90445083,44.34130339,45.13250348,45.11396578,45.32337084,45.36402113,45.45270028,45.60854599
CYP,Cyprus,54.26151435,54.2603974,53.97167986,54.09790564,54.36291313,54.5224025,54.77913318,55.20108244,55.74147139,55.43301968,56.68516449,60.58240679,60.65869247,61.617542,57.03993028,56.98519774,56.66102684,56.99797284,57.09474214,57.92559728,57.97732556,57.58682037,58.24021964,57.95543188,58.25436371,57.95730953,58.09399827,58.06319498
CZE,Czech Republic,59.78168618,59.79038046,59.59845704,59.55206796,59.09375871,58.78369998,59.61737964,60.40268275,60.80781282,60.53725733,60.90269614,61.35831073,61.89232029,62.30549086,62.24308284,63.05855754,63.47481865,63.65941436,64.38212476,65.17560753,65.29616446,64.89278577,65.26971308,65.06493986,64.93324585,64.59338239,64.66617956,64.65130804
DNK,Denmark,65.38840924,65.62886181,65.82326871,66.14237409,66.5373928,66.82737116,67.02360821,67.39225585,67.52913905,67.83303291,68.11027617,71.12377735,71.45185566,71.35102862,71.14486997,71.62076605,72.15928067,72.3759649,72.48560832,72.73106377,72.73600244,71.57154522,71.60915722,71.35401469,70.9890672,71.24599279,71.19186091,71.09530472
DJI,Djibouti,40.34527669,40.34451109,40.27316503,40.22053467,40.62786466,41.03101783,41.14804409,40.33094862,39.57507348,40.92336039,40.66569045,38.56004651,39.06331487,40.40926995,40.82163143,40.2128335,40.19237784,39.58044967,39.7167949,40.10479924,39.78547376,39.7072759,40.83959273,41.81879924,42.03147049,41.76376993,41.14789395,41.12275667
DMA,Dominica,55.73286875,55.58515792,55.748426,55.84965198,55.68909307,55.55485371,56.04930305,55.45046946,56.01540856,56.06754364,57.91257718,54.9695881,54.83478421,54.93206503,54.68801927,54.68360421,54.54277847,54.16023796,54.84514836,55.14305874,55.23054462,54.78137648,54.93396092,54.83004191,54.21737434,53.4586432,52.99974591,52.97784315
DOM,Dominican Republic,43.67193845,43.70766666,43.47167463,43.3000035,43.62235104,43.79284801,44.09458065,43.91839992,43.20787517,43.78437369,43.5995345,43.94199474,44.50683495,45.1863745,46.0450555,45.7268907,45.48232773,45.91215205,45.95571036,46.3218179,46.25945299,46.3214405,46.19364254,46.06190284,46.15876088,46.34241004,46.62107956,46.73336363
ECU,Ecuador,40.54045872,40.37243995,40.66510658,40.7619855,40.01089996,39.90168343,39.81187118,39.58865053,39.97258122,40.41244515,40.39204099,40.22500732,40.53627268,40.91137944,40.86804041,40.83240655,41.23845924,41.52148954,41.83964781,42.41330537,42.15800667,43.24103488,43.72538034,44.00807166,44.20708903,43.85073093,44.13885835,44.07628311
EGY,Egypt,45.5916323,45.57822529,45.62420131,45.87428081,45.86059776,45.87274066,45.72583182,45.67308916,45.32003286,45.35164858,45.10462858,43.29531039,43.89889585,45.38557538,46.05648908,46.37961257,45.90563713,46.19326719,45.94251045,46.13934246,46.18910598,45.86094219,46.45217616,46.86232616,47.13455602,47.359137,47.61864653,47.58942067
SLV,El Salvador,42.00236309,41.9265426,42.01955478,42.08611514,42.34758045,42.55665575,42.58187538,42.81918639,43.03434297,43.73212689,43.52129287,44.43950236,44.6995781,45.38244125,45.71813017,45.82390388,46.36441037,46.21020824,46.48220429,46.86951813,46.20574802,45.52487511,45.63259302,45.93508786,46.05431944,46.24532059,46.15301771,46.0818949
GNQ,Equatorial Guinea,42.17575768,42.27839251,42.27184884,42.11243699,42.00536266,41.89957216,41.14841656,42.16063435,42.8784935,42.74876096,43.59882022,41.29951126,41.68980477,41.88855576,41.69064419,41.75489335,41.65177909,41.80611671,42.00361804,41.83479679,41.53153295,41.70280055,41.2890396,41.64429218,41.88752013,41.95595158,42.04189299,42.18935283
ERI,Eritrea,35.99485727,36.07822594,36.32200811,36.42997452,36.47533936,36.54083207,35.8045122,35.33885555,33.56965868,33.33270279,31.68271347,30.1966101,29.96512137,30.20517614,29.91624575,29.50727137,29.58070868,29.65681668,29.41675503,29.71216662,29.36333695,30.8827904,30.39164557,30.41705566,30.42253952,30.68781145,30.77116862,30.64624645
EST,Estonia,55.71686621,55.98990038,56.08924249,55.77877062,56.18832311,56.79520416,57.1054517,57.49821899,57.74184637,58.15229112,58.83532725,62.15250036,62.64588005,63.24690814,63.24374629,63.70710996,63.57400734,63.012436,63.72388443,65.2766222,65.04779672,63.9994499,64.09899231,64.03152525,64.25630706,64.02764263,64.47362672,64.51642337
ETH,Ethiopia,34.21959178,34.50046515,34.99720005,35.24310783,35.15377689,35.10605257,35.00885868,35.48355891,35.25501295,35.24715422,34.84213036,34.61569675,34.85424164,34.70881196,34.89040027,35.13354228,35.2710009,35.40167773,35.92374045,36.22392369,36.89545739,37.99748168,37.70026217,38.96296467,39.57003174,39.00262229,38.46866882,38.69487165
FJI,Fiji,43.21612193,43.17187681,43.25314283,43.26180369,42.64148384,42.04073183,42.42316615,43.09642042,42.86297734,42.58319128,43.32695379,45.3759433,45.47828198,45.19282221,44.03436227,44.75555185,45.53207192,45.50062651,45.71209555,47.19345744,47.54669552,48.14002858,48.86271812,49.17267938,51.48131002,51.12748164,50.91623531,50.89634098
FIN,Finland,67.98693917,68.03862175,68.2406742,68.65980506,69.03126333,69.16408322,69.41089538,69.75036288,69.85001914,69.72723563,70.38571115,72.22340912,72.26822063,72.46171168,72.31292339,72.90561709,72.89003498,73.42870915,73.48702407,73.91358691,73.12601644,72.24607214,72.30851724,72.12398439,72.43211079,72.7561336,73.05563929,72.93825959
FRA,France,63.8991883,64.07872245,64.0176829,63.89402199,64.087,64.1965619,64.32005565,64.23507164,64.2485681,64.60466895,64.74382652,65.69530958,66.64258433,66.86242408,67.04832596,67.87975028,67.74341274,67.75281372,67.60152779,68.15374341,68.10591653,67.53646665,67.80623841,67.72586214,68.3441093,67.49490958,67.92529703,67.72597819
GAB,Gabon,45.33913961,45.39119583,45.76954892,46.1889753,46.39261883,46.78722492,46.84661334,46.8942673,46.78241779,46.21991917,47.96120161,43.31803428,43.2367237,42.99664022,42.96255713,42.93490849,42.86780961,43.34591313,43.20625564,43.7392855,43.37429303,43.34736273,43.11551103,42.98464492,42.92081521,42.50037637,42.99903691,42.9820683
GMB,Gambia,40.45221937,40.41761841,40.50872625,40.5265878,40.71479107,40.93002787,40.88853555,41.21922787,41.2431002,40.41214632,41.24564768,38.26031221,38.5740782,38.37474713,38.39520532,37.68725719,38.15568566,38.03215008,37.83920693,38.06469681,38.2445408,37.74768943,38.57073059,38.56799924,39.11774706,40.96554603,39.5054272,39.81561837
GEO,Georgia,44.33274343,44.41975123,44.60249243,45.43281126,45.84701782,46.25549625,46.30043258,45.74311725,46.65232069,47.72395155,48.08029065,47.68115852,50.54650097,50.63029408,51.28194373,52.54520258,52.87437649,53.91682477,54.90065056,56.60056356,56.13786513,56.273166,57.92889287,58.40695807,57.24129473,58.31085882,58.68142775,58.71530177
DEU,Germany,65.58085445,65.63945507,65.62055527,65.67281541,65.94795024,66.33682862,66.32612789,66.51250633,66.25155736,66.37830313,66.80149574,68.983969,69.38901884,69.23606635,68.93434757,69.87298317,69.80760392,69.91263843,70.28368278,71.36061862,70.79495289,69.98732659,69.86400574,69.87211106,69.68462998,69.5078949,69.73268907,69.48248991
GHA,Ghana,40.67427601,40.58116915,40.58739692,40.33968856,40.55350758,40.84008867,40.33022547,40.10429218,40.82901605,40.57083369,40.62498886,40.85891647,41.24491956,41.77591738,42.21639663,42.45757295,43.30978464,43.18028007,43.59720788,43.31880418,43.095217,43.54454807,43.89366034,44.07055595,45.00271688,45.21278314,45.14086489,45.18041227
GRC,Greece,53.94162621,54.17688133,54.64131778,54.93450631,55.31307115,55.66129023,56.01600874,56.22734855,56.34639713,56.62371684,56.52567433,57.6776387,57.65649258,57.40725725,57.47273223,57.50608222,57.10055314,56.72809324,57.72302027,58.34010771,58.36379549,57.99324177,57.96758475,58.41803426,58.70922142,59.19327398,59.67495642,59.53257995
GRD,Grenada,53.1955357,53.2463763,53.38233313,53.57951126,53.6536799,53.75690725,53.78590535,53.97940896,54.4235793,54.12551182,55.27662859,52.08772043,51.91993431,51.54351156,51.73192704,52.85555036,53.53229192,54.00727586,54.33586876,55.48720112,56.43045645,56.70319011,56.59332933,56.51075657,56.58138244,56.71952288,57.25077147,57.37450877
GTM,Guatemala,39.12534257,39.22697552,39.64225122,39.86002564,40.06273607,40.10961072,40.02620367,40.05704824,40.02751114,40.66962544,40.1702249,39.34901113,39.7713971,40.16648756,40.23699917,41.17333572,41.29344168,41.31019855,41.81091343,42.77049027,42.92404714,43.27770065,43.62074255,43.66293542,43.59906534,43.26461056,43.23105958,43.69756402
GIN,Guinea,37.00371471,37.16285416,37.24827019,37.32380599,36.71307086,36.35360577,36.50315276,36.92115575,37.49440929,37.51013119,37.01698341,34.67766721,34.56797994,35.17712587,35.17432819,35.10518372,35.01298978,35.56353482,36.21390924,37.20646494,37.70646739,37.98888084,38.94918354,38.69612575,39.17476117,39.21542315,38.54888828,38.75917972
GNB,Guinea-Bissau,32.22358385,32.14882082,31.84412074,31.53805596,32.56992794,33.61267128,33.32059103,33.20709733,33.53680943,33.79590728,34.4137004,30.94887263,30.96110052,30.6449065,30.59537193,29.75670156,29.9533007,30.52272522,30.66751872,31.12453732,31.23116112,31.50815524,32.00414689,32.04367548,32.42790299,32.03077189,32.8006293,32.89603546
GUY,Guyana,43.55515117,43.59016662,43.79692634,43.76637517,43.50872073,43.24590948,43.18817437,43.14237969,42.92738736,42.97061156,40.56608719,40.29166848,39.94333989,40.40196955,40.02592454,40.30286672,40.42436486,40.35845143,40.79164424,41.56008257,41.59002857,42.05315922,41.85403879,42.30014984,42.90751504,44.61997517,45.19822354,45.22370299
HTI,Haiti,35.84140307,35.88788153,35.77357452,35.74709504,35.84837743,35.95229596,35.41668535,34.88907157,34.73680501,34.19986782,33.9689939,34.04130312,34.46657455,34.83966278,35.11273508,35.03378469,34.92472082,35.38539899,35.78356678,35.85639992,35.65291367,36.17087397,36.30456774,36.41464148,36.15883021,35.99834635,35.60356042,35.34331628
HND,Honduras,39.7284862,39.61367433,40.31111218,40.36220053,40.25058757,40.25198263,40.19487814,39.69626858,39.50607346,39.76689602,39.39339455,39.42091433,40.26629501,40.54072192,41.18106148,40.99134577,40.52225568,40.08118327,40.4723071,40.83093096,41.12680207,40.79226307,40.72237892,41.08922669,40.73538728,40.64097281,40.51335585,40.81131892
HUN,Hungary,56.29582429,55.81106267,55.87610972,56.0784952,56.22393284,56.57465593,57.26041331,57.54620622,56.99554464,57.2255128,57.18751358,58.25705496,58.18166883,58.26266503,58.48363002,58.11843226,58.64435007,58.63909701,58.53350122,58.30754439,58.1585581,57.66710292,57.34830347,57.05333815,57.09532684,57.2558146,57.56047739,57.06484879
ISL,Iceland,59.58293741,59.48325897,60.36054741,62.1539623,62.37233697,64.11436593,64.11472187,65.43563513,65.74582251,66.14631239,66.48560975,67.74686329,69.22477011,68.54600219,68.79519582,68.96636123,68.9333037,68.10807786,68.17530306,70.18858908,69.01674257,68.02539428,68.04865662,69.03884995,68.5095322,68.16603902,68.07344939,67.61558775
IND,India,41.8808022,41.97704243,42.08713417,42.17933538,42.32784989,42.57877256,42.32679079,42.0303085,42.22927024,42.4815529,44.11881876,47.74164919,47.79897616,48.08702463,48.04574805,49.45373316,49.64043916,49.80037054,50.17260314,40.24567817,40.2486195,42.18194649,43.41776376,44.2114735,45.1275367,46.36267258,46.6543046,47.06434117
IDN,Indonesia,42.86512246,42.82232627,42.73387488,42.13238279,42.31750138,42.78959859,42.62171387,42.47696083,42.07888235,42.23644848,43.66817524,47.63494127,48.26731264,48.81006299,48.87503086,50.08941341,50.33090319,50.87926721,51.31336844,44.29048073,44.30334607,44.58019142,45.73210374,46.38305009,47.50222473,47.96655485,48.3467649,48.54543217
IRN,"Iran, Islamic Republic of",46.22231009,46.30122932,46.30987864,46.34738741,46.47116551,46.72488869,47.35115797,47.865465,48.35832672,48.96131381,49.35890126,48.46867093,49.75144624,51.0827625,49.47046825,49.29611592,49.94382756,49.99682395,50.32420342,52.02981955,52.5966385,53.94626478,53.88750483,51.8212652,51.43133382,51.00098834,50.46596174,50.56349595
IRQ,Iraq,41.75693445,41.75111674,41.93258274,42.09944486,42.09294263,42.10232525,42.30472357,42.4648558,42.3838365,41.13346017,40.1645467,39.71286488,39.46744932,40.36125531,40.61260229,40.6139435,40.91521397,40.79182164,41.08253042,41.61835117,41.40337323,42.38389437,43.02045379,43.25122385,43.03978252,42.89847496,43.28738964,43.58431628
IRL,Ireland,58.92730803,59.08047052,59.4015773,59.75969695,59.90584635,60.19250669,60.30246858,60.49064235,60.36667948,60.22681211,60.88511832,63.7430265,64.54367066,64.45563819,64.20375067,64.11979543,64.00302303,63.3549801,64.19568797,65.51849571,65.95818254,65.0107146,64.82363165,64.68108689,64.11944332,64.32743599,64.39452441,64.49562079
ISR,Israel,59.48025274,59.64965988,59.47096523,59.41984525,59.62376307,59.83450312,59.472252,59.3095002,59.42799137,59.61391492,59.14134506,60.34265297,61.06545118,61.45002292,60.44816483,61.00739265,61.27613857,60.89828481,60.90629536,61.63139637,61.85471052,61.42643103,61.03966571,61.02277297,60.7945766,61.78706199,62.14561732,62.13232479
ITA,Italy,56.56746628,56.50481946,56.54376932,56.45128572,56.69272092,57.44206752,57.56110131,57.75722541,57.72026836,57.69562585,58.35149126,58.70758027,58.90612803,58.35732092,58.19505747,58.25878886,58.08165719,57.54312793,57.55791918,58.37249459,58.58859265,58.27777695,58.05895857,58.75750474,58.82691236,58.96159276,59.35724674,59.57765997
JAM,Jamaica,45.98011809,46.23088356,46.10485438,46.11078914,46.04447515,45.28943717,44.18967721,45.65841292,45.66615364,45.82558487,45.38702496,44.80468729,45.05895705,45.20229952,45.02291169,44.76211021,45.49036043,45.61242924,46.41187698,46.9402007,46.53134973,47.57799001,47.87834482,48.39137485,48.22345968,48.70708661,48.98274938,49.51296438
JPN,Japan,60.83544956,60.97228054,61.03445327,61.03258896,61.33648907,61.68780339,61.5660079,61.39441211,62.12258636,62.54237161,63.80259911,67.65215843,67.54844844,67.59768543,67.85055249,69.21084872,69.21595631,69.41719828,69.80449956,67.46461626,67.01854009,66.25553211,66.60246195,66.4274006,66.34638675,66.25337951,66.37558294,66.53396718
JOR,Jordan,47.06371363,47.06652459,47.46394186,47.72727959,47.80323825,47.95507975,47.6352661,47.10228599,48.32601639,47.92695267,48.88067913,48.82776796,49.72524898,50.27962884,49.8113055,49.86911203,50.06401376,50.29356569,50.3624984,50.92852871,51.2919132,50.70692136,50.72331027,50.67893358,51.73550768,52.06545083,51.89494852,52.27657109
KAZ,Kazakhstan,50.7630343,50.73431715,51.19857739,51.78200707,51.83446271,52.24045343,52.64992955,53.04440434,53.83539747,53.90342939,54.53291655,53.34432695,54.11003798,54.30054113,55.31644239,55.47857615,55.41895658,56.05385294,56.73091191,57.8767576,57.63234091,58.80958632,59.72898838,59.40588997,59.67554448,59.62154215,59.80063258,59.88273594
KEN,Kenya,37.93108755,37.94477251,37.82208329,37.86177335,37.87308169,37.81385937,38.10081186,38.3505344,38.27917684,38.53513795,38.16690102,36.97086878,36.75244068,36.83237184,36.8405077,36.53842055,36.43343797,36.30472923,36.88775865,37.60076367,37.64389332,38.86181543,39.11385339,39.65526116,39.93171873,40.24904241,40.57935666,40.81377175
KIR,Kiribati,44.44597784,44.38980989,44.70170701,44.44075397,44.58115571,44.62913253,44.77410613,44.90160002,45.10031633,45.05981639,44.12537751,43.49157183,43.31594568,42.03074163,40.76232073,41.58405015,41.98037946,41.93662813,41.54691809,42.07135399,42.97107977,42.67179646,42.90522943,42.31719011,45.24331238,43.59784667,43.82485392,43.62061422
PRK,"Korea, Democratic People's Repub",43.12790634,43.12007283,43.59106627,43.63740054,44.36480767,44.95896482,45.4850574,45.55358916,44.96853886,44.86652188,44.96706106,44.51934384,45.10479521,45.32935696,44.82885123,44.63292136,44.83935488,45.02421344,44.51218358,43.73672704,43.57597456,44.05986808,44.23132929,44.55645838,44.19996464,44.08227512,44.04497198,44.07177177
KOR,"Korea, Republic of",58.00256319,58.25595159,59.00158266,59.0335312,59.80588158,60.59844459,61.30992957,61.76141557,61.94204256,62.38686069,63.10196771,64.41694478,65.50074544,65.34468059,65.65493768,67.17799168,67.40989826,67.44155884,68.06703394,68.84857757,68.53647735,67.77305662,67.99271692,68.25462851,68.24885343,68.36817076,68.60377949,68.83750785
KWT,Kuwait,49.20265357,49.23602204,49.23677031,49.26385188,49.34899389,49.57689762,49.80339674,50.07458494,50.39365328,50.57335034,50.11803218,50.33688183,50.92299432,51.01237072,51.25533267,52.0080962,51.72666955,51.53322584,52.07944641,52.38836741,51.72717696,52.12352679,51.8902469,52.37434901,52.86261094,54.58862451,54.87648564,55.19777576
KGZ,Kyrgyzstan,48.80718303,48.70918008,49.12625344,48.84749748,49.17831824,49.69737181,50.0178987,49.85738153,49.58679015,48.8106772,48.11367637,45.41676426,46.65194583,46.88170521,47.54152584,47.77010735,49.13984479,48.58318622,49.22518046,50.26787892,49.55347967,51.86149574,52.63101549,53.07375153,53.54427655,53.19868431,53.36045412,53.51494285
LAO,Lao People's Democratic Republic,37.77254758,37.92813875,37.81406857,37.68986872,37.56581764,37.42590059,37.35529911,38.01722944,37.03054618,37.2464196,37.25603121,36.84524294,37.44155561,38.33051124,38.35354265,38.22773081,38.44366644,39.39352786,40.05174776,40.5393481,40.38638531,40.99121772,41.63087664,42.47036566,42.14125368,42.48819898,42.27625721,42.2543344
LVA,Latvia,53.43442226,53.29705213,53.46165139,54.01267743,53.48259936,53.66610253,54.4701744,55.49087697,55.74738298,55.7137264,56.12132339,56.9074391,57.8613007,58.5179724,58.65770636,58.19487718,57.95745084,59.31906755,60.12688746,60.67127538,60.70425317,60.2281842,60.51614755,60.12680917,60.3052483,60.50390116,61.04817686,60.83172384
LBN,Lebanon,42.77874061,42.82426941,43.00540503,43.04672475,43.64489149,44.00420749,44.24326434,44.32299084,44.27326497,44.43848547,44.01115085,42.35592168,42.49449618,43.16075769,44.46586982,45.40114757,45.75087801,45.92071151,46.25334169,46.14030874,45.66907306,45.45873993,44.72919107,45.21244469,45.41140764,44.629885,44.63130932,44.70672801
LSO,Lesotho,40.80433181,40.73809123,40.57651324,40.43102347,40.54445161,40.64756186,40.15649696,40.1475223,40.37146742,40.52180379,39.59773795,38.74464792,38.67629261,38.68381893,38.95270714,39.37734885,39.18664184,39.30799605,40.60713699,41.1958396,41.21585358,41.7670226,41.6928719,41.47977044,41.14004747,41.34194847,41.2486187,41.30128888
LBR,Liberia,36.01103906,36.02997281,36.33474857,36.63801103,36.74873352,37.24638587,36.74799264,36.67376857,36.21742816,36.64127648,37.78485326,42.12317868,33.56804258,32.77418444,33.91552785,34.19451794,34.20638278,34.849168,35.36750626,35.89168137,35.70864232,35.93279484,36.16899918,36.04491647,35.85149101,36.65151081,36.78479712,36.90182592
LBY,Libyan Arab Jamahiriya,44.50900862,44.54484072,44.55451379,44.57715054,44.9055403,45.08095444,45.2091733,45.39305108,45.9276354,46.28945683,47.30077199,50.63324114,51.43017251,51.82080778,51.65426782,52.02810301,50.64187788,50.06660396,43.88238803,43.54501705,43.07927401,42.94932293,42.96786818,42.91140939,42.78084815,42.69617416,43.07305722,43.03047431
LIE,Liechtenstein,,,,,,,,,,,,,,,,,,,,,,,,,,,,
LTU,Lithuania,52.50042867,52.7631709,52.95046168,53.21916678,52.87630971,52.8400673,53.64078158,54.52659206,54.87013305,55.07291326,56.09849238,58.1020297,58.6099968,59.07260776,59.27408866,59.19408623,59.07798919,59.69030343,60.18855719,61.53066206,61.19336596,60.72583313,60.44424494,60.60280586,60.90880079,61.15034822,61.677422,61.663156
LUX,Luxembourg,60.45897786,61.6625817,61.34534961,61.12788058,60.38790833,64.48569116,62.66556476,62.21367272,60.44695367,61.32463508,62.31329819,66.20153001,63.02504365,65.00711205,65.63803746,67.05228655,67.41810329,68.35398647,68.69842877,69.36165992,69.79416163,69.28666982,68.85041359,68.76165361,67.96078353,68.21255973,67.38176029,67.34508844
MKD,Macedonia,49.11183417,48.63970323,48.7195955,48.93026702,48.64693562,48.31537566,48.1499015,47.65872577,48.46196773,49.09696877,48.38690853,48.60195789,50.20120398,50.28916221,50.95966214,51.36693087,51.60702114,52.6689814,53.27416525,54.99256164,54.72261395,54.37235489,54.37076848,54.03361487,54.21828916,54.3180277,54.23057715,54.526401
MDG,Madagascar,37.17636355,37.27206023,37.12952213,37.0506338,37.27823651,37.39351838,37.04250149,36.78759415,37.82321263,36.98957458,36.71440909,35.61609107,36.44289408,36.47570145,35.60991072,34.70944524,34.24729153,34.93319143,34.62196218,34.96227107,34.81786649,35.00222359,35.07528319,35.33578552,35.14962907,35.14264414,35.16163045,35.1935231
MWI,Malawi,34.99530507,35.01388711,35.23055101,35.56649725,35.59726711,35.68631524,35.42843165,35.02049947,35.90820639,36.11536263,36.23286102,35.82973976,36.01738885,35.92604636,36.17188961,35.21487277,35.46043187,35.61767674,35.28233626,35.04790955,34.96355164,35.77318267,35.91271502,35.84494607,36.05684485,36.67643746,37.04293462,36.93045136
MYS,Malaysia,49.70485957,49.87710928,49.66638607,49.56350974,49.71589045,49.97671043,50.48158824,51.03431497,51.51000135,51.65688498,51.23355613,51.71732722,51.40069223,51.33461886,52.06960458,53.49683701,53.57058815,55.07034773,55.92366025,57.4905782,57.56323432,56.16334195,55.5714016,55.95596788,56.72248662,56.98077282,56.97361704,57.07190309
MDV,Maldives,37.84180064,37.744876,38.14084372,38.34558507,39.15795152,39.82943924,40.37473262,40.47527565,41.17298083,40.45182504,42.18677336,43.79463542,43.35034939,42.84836802,43.01115798,42.57390628,42.34806792,42.56069384,42.02305788,43.16512564,43.16624362,43.64137933,43.67951545,44.13650896,44.41754021,44.48096333,44.04243878,44.34466057
MLI,Mali,34.33236127,34.30663297,34.55811416,34.6613601,34.85751509,35.09622363,35.39222846,35.12304709,35.78040562,36.01876746,35.74774492,33.9005102,34.65536403,34.91056035,34.65561637,34.97700016,34.76952033,33.47282751,33.64690981,33.9879911,33.99439975,35.03180797,35.06603305,35.11436335,35.36206201,36.00807845,34.48965365,34.2421348
MLT,Malta,55.30741608,54.82466305,56.27159417,55.85893618,56.07826152,57.57872518,57.92967081,57.95818192,58.24289628,57.71785922,59.10460488,62.69531498,63.07586594,63.42312565,63.14000833,64.63737363,64.27805024,59.29890666,59.43626352,59.30631138,59.65057772,57.95762548,58.56195574,58.49395381,57.82153074,58.96963847,58.91878321,59.16896762
MHL,Marshall Islands,37.77480361,37.83332997,37.9111391,37.98760868,38.46110946,38.95863512,39.08822354,39.22014622,39.39132604,39.55080372,39.54583271,40.21267593,40.32403931,40.38319581,40.41348727,40.16717019,40.84473732,40.80051549,41.23359088,41.46488723,42.23478405,42.2084179,42.81183765,42.57432274,40.63651901,40.82319535,41.14932903,41.57061661
MRT,Mauritania,38.60942898,38.59223849,38.53453538,38.45262339,38.42199886,38.38702149,38.92104435,39.24470617,38.43076454,38.41790529,37.98961999,37.57327482,37.70655297,36.9679878,36.867979,36.39481763,35.94112783,37.00974379,37.01226548,37.58786074,37.4668581,39.31206239,39.32092571,39.62937015,39.6601034,39.80386912,38.66062914,38.62886894
MUS,Mauritius,49.25334316,49.22526886,49.55461161,49.57177811,49.54693149,49.64004629,49.94826801,50.35094741,50.46741828,50.50515257,49.48655701,50.65614448,50.83148623,51.72759707,51.95278444,52.69417911,53.358316,53.84299449,54.1307215,54.96797834,54.73447422,54.24310802,54.20711571,55.47187344,55.62792621,57.78708221,57.74621482,57.77095034
MEX,Mexico,48.3369155,48.33427183,48.67513267,49.10492845,49.46859358,49.94941142,50.14318622,50.3656313,50.33686345,50.3525016,51.02099553,54.90988641,55.06613688,55.12531865,55.42474719,56.7260223,56.94247773,57.40568397,57.51588389,50.52414193,50.44033368,50.2869039,50.24504231,50.24278856,49.95417995,50.02609725,49.72293521,49.6296296
FSM,"Micronesia, Federated States of",34.8932603,34.941815,35.00960376,35.10020057,35.14653292,35.19610867,35.3176878,35.40949067,35.36101407,35.96829295,35.82994141,36.37546219,36.27393462,35.5713747,35.46832907,35.36404267,35.11107374,35.48806825,35.76711597,36.16766923,36.3294446,36.67504944,36.75363374,37.33942216,37.15573871,37.18533394,36.95947517,37.21032576
MDA,"Moldova, Republic of",48.40766662,48.27294728,48.60444805,48.69200207,48.09913813,47.08193905,48.95757219,47.64075079,48.63425592,49.04568803,50.24438863,48.59505607,49.51065899,49.37623475,47.79700916,48.67527617,49.41289004,49.5985995,49.6410256,50.2287583,49.92870041,50.91340886,51.3179675,51.62136267,51.68866608,51.74646721,52.16421053,52.16510739
MCO,Monaco,,,,,,,,,,,,,,,,,,,,,,,,,,,,
MNG,Mongolia,48.21369769,48.21583774,48.73122505,48.4154182,48.48575875,48.11390968,48.59689812,49.40548778,49.52873424,49.31143342,49.85230942,48.84858016,49.01263077,48.85520744,49.19211579,48.93928981,49.05077234,49.6407229,50.55371688,52.11896801,51.83226361,52.8741631,54.31667154,54.66640866,55.43407311,55.48508698,55.97376314,55.97177501
MNE,Montenegro,50.25509934,50.25724133,50.26134477,50.26670386,50.40347152,50.52529561,50.5205203,50.49387902,49.90847578,49.90722322,51.21786128,54.38610429,49.31507688,50.63469147,51.14986568,51.38677651,51.39606324,52.62047641,53.12640224,53.90489305,54.02639048,53.33673415,53.39010698,54.14966582,54.65740614,54.39519099,54.27656716,54.33475269
MAR,Morocco,45.99028793,46.20437317,46.54767201,46.80304482,46.56035928,46.20830082,46.03200111,45.99836387,45.69108107,46.37023568,46.07934264,47.15734111,47.11928566,47.62343726,48.30915658,48.7777932,48.40986376,48.94069501,49.41638846,50.9339577,51.23602672,51.15336857,51.30928468,52.20001252,52.73811516,53.15808701,53.13320507,53.37544151
MOZ,Mozambique,38.87649598,38.9020088,39.02139671,39.3074633,39.44731389,39.56933438,38.8274425,39.02977399,38.89447451,39.1272778,38.72183249,38.74359415,38.60955301,38.87855348,38.95658351,39.2427726,39.24233754,38.79108877,38.39403443,39.3063738,39.2288743,38.77692615,38.57935629,39.16246064,39.2975115,38.96242908,38.92490579,39.17299238
MMR,Myanmar,35.07133852,35.14139804,35.13078965,35.22390782,35.19951085,35.2421537,35.34467028,35.43344794,35.40429411,35.05581407,36.68820782,40.20664136,40.43532362,40.61209863,40.57662322,41.88158943,42.45372338,43.70009705,34.26064902,35.40848014,36.66138098,38.47591908,39.18896626,38.92461259,38.75418801,39.16741807,37.25427535,37.07997387
NAM,Namibia,43.72180963,43.72260075,43.62847478,43.61812673,43.35049263,43.17093231,43.21675048,43.3140013,43.30729063,42.6986748,42.02426415,42.38723481,42.97258774,43.75043895,42.98474644,43.14298571,43.48079739,44.18069957,44.30181171,44.52092278,44.64446342,45.58215695,45.93988851,45.71107028,45.62671581,45.81322311,45.87399911,46.06557775
NRU,Nauru,51.37750818,51.12292804,51.03878739,51.14962387,51.45556211,51.63816196,50.87271757,50.073378,50.7040742,49.83670828,50.89622329,50.90447901,47.69830644,46.7034345,47.21875599,48.35213115,47.50429153,47.71254161,45.50635351,43.01031816,47.64310687,51.11960517,49.17734174,52.7779929,52.6058426,51.83695525,52.94434966,53.32103101
NPL,Nepal,39.86870404,39.42265936,39.25011767,39.17560415,38.56438554,38.27544363,37.70664474,37.9971493,37.83232981,37.17125935,38.02315109,38.25788897,38.99418134,39.04237365,39.1913639,39.53120218,39.56414346,39.91060108,40.60272834,41.73309631,41.71454628,42.6669095,42.4052653,43.30906985,43.60724805,43.50116572,43.42754999,43.26754683
NLD,Netherlands,63.83878943,64.20975139,64.16413645,64.42639945,64.79361758,64.92991018,64.07632157,64.24297521,64.0804511,64.1405396,64.51958277,65.81809877,66.41106435,67.20886358,66.72301126,66.96729606,67.64725831,67.4265642,67.76836449,68.78994895,68.24833732,67.67468599,67.48368537,67.14482547,66.82886225,66.66701209,66.76721881,66.03510765
NZL,New Zealand,65.35278674,65.45862222,65.60790412,65.936747,66.17088579,66.7420653,67.08569184,66.72074588,66.92654662,67.45048623,68.05134309,70.74867461,71.34981746,71.75743905,72.01042903,72.42488451,72.71094278,72.77576586,72.92464475,73.9843687,73.99697136,73.29432293,73.43752443,73.08446914,68.90152752,68.88838773,68.88712299,68.78937372
NIC,Nicaragua,41.1301677,41.24568316,41.36997132,41.25971647,41.52995121,41.8325997,41.70946253,42.37748948,42.031916,42.0502485,41.70085777,40.61411508,40.73874235,40.63916496,40.50387195,39.83058869,39.99451571,40.96419472,41.4093886,41.63456184,42.05362542,42.16473135,42.13579343,40.98303247,40.65066886,40.72763621,40.56986193,40.59139379
NER,Niger,31.83063287,31.56301514,31.52627975,31.37860704,31.85372097,31.96029502,31.90741322,32.099715,32.62432302,32.29801558,32.46433135,31.19300595,31.9468709,32.03919845,32.23823027,31.58381247,32.23167414,31.54213065,32.26335815,32.38983551,32.00791384,33.56635101,33.78482374,34.88461922,35.30790739,34.84764776,35.15716884,35.48038856
NGA,Nigeria,38.64830763,38.68381493,38.97891864,39.26506648,38.86459173,38.70772517,38.9578379,38.79408915,39.32222689,39.35457051,41.36867188,44.79800725,45.07364753,45.8734847,45.64137558,46.80892828,46.53057919,46.78023887,47.02071187,36.20907678,36.76232415,37.76208135,37.90366994,38.3760828,38.52228741,39.18284388,39.53766275,39.4143857
NOR,Norway,68.53489103,68.84026223,69.14841645,69.22876044,69.44398677,69.50707171,69.71199733,69.94976581,69.91553373,70.1160434,71.1530764,73.49037202,73.71179646,73.88920437,73.78834328,74.63006246,74.54541963,74.54506968,75.75115219,76.48223492,76.44753413,75.94444829,76.01131095,75.61518352,75.05735008,74.67142638,75.0297716,74.67826229
OMN,Oman,46.14742648,46.33737075,46.42505651,46.55215792,46.72004128,47.06040658,47.47166558,47.90025689,48.23564628,48.35731794,48.29383358,50.01806079,50.52348626,51.00321725,51.08880894,51.83717606,51.64309028,52.30977347,52.80809244,54.27133186,54.17479727,53.75671419,53.69305037,53.68370663,54.10733315,54.04284991,53.62077755,53.92563284
PAK,Pakistan,39.79763485,39.82076539,39.49633875,39.34399221,39.50671886,39.68109789,39.68112937,39.4084942,39.72218542,39.4798427,41.00165081,44.91577397,44.89122281,44.50523616,44.68533313,45.96191827,45.7438526,46.44525894,46.87199221,38.4224672,38.53650861,38.32990137,38.51295603,38.5898055,39.23146946,40.41718255,40.48029907,40.26815888
PLW,Palau,42.54104523,42.63328218,42.7645697,42.89796221,42.98739567,43.07299439,42.47554186,42.3407334,42.63822914,42.91516318,43.70953085,44.2120026,44.2432891,44.426796,44.13789521,44.20581156,44.7387216,45.10507786,45.67158235,46.09737941,48.25140232,48.86495467,48.85473489,49.16567007,49.15214592,48.62644968,48.54624675,48.57457104
PAN,Panama,44.54308099,44.82696784,45.15320573,45.45745898,45.52999652,45.39355652,45.61039926,45.80191042,45.59286064,45.80186141,45.45332239,46.01582362,46.42059783,47.03713528,47.02474365,47.50155147,47.96377512,47.58372732,47.9901886,49.25663863,49.3459961,48.85222729,48.55335024,48.66996831,48.14081017,47.79084699,47.87734968,47.80299251
PNG,Papua New Guinea,37.05182091,36.91115211,36.88520515,37.05780574,36.97150922,36.99604703,35.87232971,34.92869807,34.79998607,34.89275234,34.12188729,34.06433633,34.35130865,34.39537213,34.0239638,34.3658882,34.66687217,34.91139539,34.60784098,35.36373166,36.05401187,36.01038165,37.68885669,37.39676833,36.51791477,37.31282788,36.59221508,36.88499634
PRY,Paraguay,42.08579294,42.21173554,42.08388969,42.14067923,42.15692619,42.1036189,42.33696043,42.62490992,43.0420609,43.57039904,43.82204783,43.10800201,43.58819258,44.96863279,45.10263532,45.2252504,45.67407929,45.79266848,45.99944967,47.29052923,47.59955499,48.58546207,48.57877438,48.70208495,48.53981691,48.72761839,48.39802012,48.39963625
PER,Peru,44.87063706,44.80732249,45.01819416,43.94235184,43.98964567,43.81167861,43.76940108,43.78788685,43.97291108,44.32489426,44.25961341,45.27551966,45.63577349,46.22515548,45.79139172,46.82692125,47.53626685,47.74423958,48.19571013,48.86374594,49.00768023,49.32681903,48.95310208,49.05818159,49.52912082,49.63143129,49.10126997,49.11146195
PHL,Philippines,41.51696634,41.58186245,41.70147082,41.86526353,41.25606721,40.65326878,40.83560952,41.28357726,40.7010559,40.4559636,41.02765607,40.40637135,40.62578162,40.36394867,40.46249832,40.8340112,41.59566784,42.38589888,42.91323958,43.867884,43.55302032,42.98078419,43.10021136,42.92543176,43.53476931,44.19400466,44.33478172,44.84056897
POL,Poland,56.94757451,56.95207842,57.14970487,57.21105554,57.04705181,57.0777559,57.21264393,57.5394074,57.37040848,56.98980683,57.25305899,57.14261094,57.76107728,58.54448595,58.96233969,59.54589474,60.26334215,60.83624335,61.84302409,63.16140933,63.50857153,62.83336413,62.53121249,62.57546101,61.97986059,62.0322839,61.66764584,61.59478943
PRT,Portugal,54.11421474,54.44580568,54.5107694,54.86611328,54.90187408,54.96073577,55.34956548,55.85764398,55.81432126,55.76532076,55.70932718,56.19406356,57.29054228,58.16218107,58.44798967,58.76077305,59.26236125,60.40053838,60.97486671,62.24301795,62.71960079,62.08606988,62.76344949,62.79318025,62.84046641,62.84289276,62.96268269,63.01710222
QAT,Qatar,50.04242334,50.15862108,50.83546845,51.35921245,51.38412884,51.65987286,51.88322569,52.05666468,52.24252237,52.28274644,53.84930211,57.67950841,57.78389899,55.07033851,56.00572467,56.45413827,55.76480657,56.4317762,57.10585519,56.95910647,56.84767498,56.97262374,56.78601606,57.07580404,57.44657911,58.88364787,59.06922822,59.64451349
ROU,Romania,47.13568931,47.44414457,47.39712339,46.92511725,46.78897614,46.76091067,47.15973186,48.00543338,47.62524887,48.00895277,48.59202279,48.14851473,49.88215705,51.0961314,51.7328243,50.55840337,49.9608586,48.73068601,49.38699869,50.46466035,51.19693327,50.84579395,51.11737114,51.46480005,50.58337973,51.23328503,51.22246917,51.25885276
RUS,Russian Federation,51.9375693,52.07987937,51.94464599,52.30835188,53.00367173,53.363059,54.31507292,55.11348988,55.50998171,55.27959206,56.91573683,60.99199329,61.41604726,62.17949449,61.54053694,63.42217764,63.27618757,63.80769125,64.17230865,57.91118557,59.15698091,60.20351537,60.17505315,60.76699578,61.14738795,60.34958757,59.67753223,58.84948496
RWA,Rwanda,31.68637953,31.67238798,31.64911158,31.47040954,31.77811262,31.96985372,32.39825763,32.99281396,33.94505298,34.33406361,33.58604041,33.48888688,34.06142734,34.9580749,35.98969333,37.76830308,38.26776671,38.42531517,38.78769487,40.52058199,40.61669232,41.45801369,41.71754764,42.08685928,42.14811,42.81153942,42.99353088,42.98103935
KNA,Saint Kitts and Nevis,,,,,,,,,,,,,,,,,,,,,,,,,,,,
LCA,Saint Lucia,52.99598126,53.10978602,52.9093462,53.16084135,53.50327499,53.95922485,53.61242287,53.22712542,54.42317139,54.17968589,56.8667473,54.56364237,54.05766074,54.35033916,54.59205169,54.94535582,55.06839335,54.93289297,55.46417158,55.28475893,55.4846175,55.44253373,55.14464097,54.98939471,54.5854922,53.58990773,53.58408241,53.77480184
VCT,Saint Vincent and the Grenadines,48.1586203,48.21773652,48.39037274,48.58207945,48.91459961,49.158141,49.24636653,48.64745902,49.44335546,49.86428944,52.78773055,51.57108113,50.97093002,51.5358292,51.81194366,51.91320826,51.89832275,52.44396589,52.69122422,52.97421774,53.08273821,52.56361428,51.93152684,52.35095395,52.3767506,52.58519011,52.5590214,52.75240015
WSM,Samoa,43.1010259,43.142641,43.19514721,43.24165176,43.32648845,43.15700949,43.27988577,42.90919121,42.59997389,42.22160188,42.92928306,44.19379437,43.94687547,44.384945,43.76328252,44.54788862,44.68805481,45.61188676,44.97826912,46.36671946,46.26083162,45.88968506,46.86881664,47.27573376,47.49433362,47.41037119,47.09986929,45.78569817
SMR,San Marino,,,,,,,,,,,,,,,,,,,,,,,,,,,,
STP,Sao Tome and Principe,41.62987817,41.6710901,41.70342181,41.8855721,41.91552036,41.60854816,41.38928591,41.1191588,40.8343164,40.49348257,37.62574985,36.83372084,36.95245598,37.20083609,37.09272194,37.60337208,37.59409228,39.19882568,39.35696923,40.06553368,40.20757656,40.23463086,40.49289717,40.73369476,40.60401737,40.57831524,40.9700312,41.45524517
SAU,Saudi Arabia,42.83112877,42.8920699,43.06125401,43.1719805,43.38810027,43.4853331,43.82187962,44.14322555,44.38363938,43.83086064,45.29186114,46.38471746,47.04332388,48.76229514,49.01278589,49.98090965,49.49419336,50.25714626,51.39915537,52.55572458,52.72653293,54.06674657,54.07205969,54.35974757,55.91110392,57.80533851,57.02485051,57.56082834
SEN,Senegal,39.11389242,39.0682603,39.02703809,38.84288501,39.0324141,39.27600967,39.57539952,39.99066338,39.53933925,40.11421618,39.28060447,37.47979842,37.54901506,37.64235481,39.29450817,37.98718798,38.12463544,38.67891686,38.80358479,38.86689429,38.93900448,39.69956295,39.49053511,40.0833341,40.41627548,40.52293775,40.65027052,40.85948017
SRB,Serbia,45.56834151,45.32028143,44.81223052,44.43690439,44.81685385,45.01516635,45.53006061,46.22116485,46.61231663,46.91998387,45.85703299,46.63015874,47.30586009,47.4503288,47.53065723,47.81492455,47.96565786,48.27192586,49.4367008,50.80215221,50.37304951,50.59707939,52.02525575,51.10435572,51.14915848,51.08923239,51.23135157,51.13302363
SYC,Seychelles,47.62118028,48.18065798,48.19995932,48.44796902,48.81410408,49.41107445,49.00630751,48.70903993,48.87744282,47.715251,49.4597316,48.01222991,48.23835988,48.37758663,48.43114505,47.86503868,47.58557623,47.8007989,48.00462741,48.61355478,49.8808615,49.44157453,50.60672691,50.50263301,50.96500796,51.20489937,51.52351151,52.07807585
SLE,Sierra Leone,33.23239728,33.20193649,33.07339553,32.93871504,33.00105033,33.07063456,33.41540644,33.53724817,33.97278631,34.3826661,33.29991142,31.55831796,32.26287771,32.02069685,32.8028407,31.65423685,32.48771817,33.60453899,33.71911855,34.34010352,34.27270469,34.66737558,35.07905124,35.07358348,35.13600676,34.94636254,35.12247188,35.00659324
SGP,Singapore,58.62463531,59.26372117,59.75018333,59.8905973,60.37948386,61.51415677,61.47898232,62.08853752,62.08085141,62.70408948,62.72408175,65.58766891,66.41684955,66.87889963,66.18142617,67.69399994,68.34547812,68.79704985,69.62871863,70.93764728,71.09238198,70.02761481,70.33463846,70.50660671,70.5077879,70.70455508,70.96109359,71.08535513
SVK,Slovakia,53.23149869,52.88902114,53.07961153,53.25425295,53.43101299,53.70231821,54.10063415,54.68389042,55.02937355,55.26644159,56.01764881,57.29674071,57.89483021,57.97289442,58.13068069,58.01669496,57.9904165,57.71306605,58.01890598,58.33684424,57.78075404,57.88116796,57.6364989,57.96350866,57.83637869,58.25916872,58.22270141,57.86339219
SVN,Slovenia,59.54745883,59.35871308,59.47379737,60.36089642,59.85869415,60.1787706,60.62710359,60.8952547,61.0316144,61.83944196,62.1994035,62.09176213,62.61526666,62.23699178,63.46808562,64.65768184,65.19079982,65.29972041,65.30397532,65.92472042,65.41484112,65.24344465,64.75963162,64.51571841,64.50469096,64.18079229,64.10102836,63.92076678
SLB,Solomon Islands,41.47163155,41.46771157,41.56056712,41.61125831,40.40911203,38.89956592,38.72781901,36.56286517,38.40717843,36.03034522,35.15886721,35.08548362,34.79485635,35.16986656,34.92573086,34.91623364,35.35008524,35.22950074,36.23587693,36.94367082,38.77877093,38.57793812,39.33720149,39.92650016,38.58550833,40.67628463,39.42703488,38.14832279
SOM,Somalia,31.45899478,31.40574884,31.73497762,32.0694782,32.12294827,32.23807029,32.43167096,32.62215658,31.80007009,30.49891843,32.71276566,37.33843221,37.04604453,36.65450983,37.17396588,39.91531693,40.04110432,40.62307024,41.04061792,42.11826536,42.34830168,37.32244305,37.50377049,37.46079253,37.17872554,37.3529872,37.23656135,37.42622083
ZAF,South Africa,48.05254792,47.99252838,48.02184299,47.88741131,48.10071038,48.59413481,48.54992394,48.62641607,48.45087281,48.70728422,48.30063636,48.6008979,48.35580519,48.24971186,48.2689748,47.7979041,47.88377553,48.03850625,48.66344411,49.15232329,48.79900292,49.82292573,48.98890503,48.64702476,48.66835799,48.56094662,48.84998881,48.56793634
ESP,Spain,58.85679758,59.07874587,59.32583211,59.54289714,60.08402536,60.75412352,60.77273097,60.86580105,60.93932366,60.91779746,61.24090018,61.70459681,61.87621742,61.87954141,61.42603832,61.23552571,61.61692257,61.80995425,61.88492395,62.22594495,62.39800631,62.3709602,62.64836467,62.41648475,62.29296759,62.15383569,62.32659324,61.94471695
LKA,Sri Lanka,43.62633441,43.58970385,43.74584046,43.8726086,43.85203665,43.64601605,44.05093355,44.85036018,44.40642036,44.37556827,43.31694635,43.03843932,42.9316318,42.98710542,42.77134424,42.14084604,42.26438508,42.33815226,43.07697324,44.1327883,44.97221448,44.98403631,44.89860037,45.50670547,46.55877194,46.94729226,46.25161817,45.63561881
SDN,Sudan,32.74816455,32.97160106,33.20454248,33.42385184,33.56504473,33.42092611,33.96022172,34.32648268,33.85892134,34.42503065,32.63252116,31.75859495,31.93372357,31.62070558,32.04562844,31.41138594,31.46938261,31.50063364,31.90892931,32.00567902,32.18192463,32.73710415,32.98278376,32.88963274,33.32345016,33.30862652,32.9223636,32.71875221
SUR,Suriname,46.44432231,46.44642787,46.65735015,46.86407876,46.80854697,46.74834625,47.46538598,47.20763824,47.49414561,47.4759159,48.73810171,44.43320515,44.82115726,45.02272934,44.68867927,44.01457693,44.31467774,44.51321804,44.64476676,44.57399716,45.14610668,44.71294279,45.51414175,45.49912788,45.09724559,45.11175276,45.24192226,45.24885419
SWZ,Swaziland,42.86473715,42.90366546,43.05148397,43.02054058,43.06496942,43.00806648,42.62691774,42.71104714,42.93240424,42.74359522,43.72833448,40.95204652,41.14199238,41.46125305,41.42820098,40.74913035,40.41497474,40.52747616,41.07707355,41.50414716,41.51416988,42.26020247,43.34341333,42.56310308,42.62160127,42.98481614,42.21949517,42.55849335
SWE,Sweden,64.5656325,64.67880718,64.87989729,65.03963792,65.64799485,65.88003491,66.26555074,66.81456259,66.97858841,67.2973167,67.7014995,69.80461288,70.01691363,69.87404986,69.76060707,70.6506403,71.02024345,71.02551625,70.97491982,71.29772429,71.46605246,70.71094672,70.59930754,70.14262778,69.94544348,69.7961436,70.14027827,69.85660031
CHE,Switzerland,65.89644875,65.91964127,66.1585202,66.40044661,66.84129154,67.21197111,67.33860308,67.49599756,67.40120418,67.43680115,67.99157161,70.2164732,70.93970902,70.92735018,70.64747706,71.41400532,71.24433741,71.32176206,71.76813484,72.42914339,72.28624436,71.56788244,72.28810974,72.17392967,72.15919938,71.96965771,71.98303192,72.12330217
SYR,Syrian Arab Republic,43.29929286,43.40446518,43.57353115,43.67662248,43.77022244,44.01082543,44.34139093,44.6953782,44.33145155,44.17418092,43.8589349,43.09802387,43.30434269,43.13337057,44.05474801,43.8004677,42.59641545,41.14840994,40.34580016,39.68028772,39.10040126,38.99507945,38.31747448,38.39278156,38.4379885,38.4012954,38.64845538,38.484702
TJK,Tajikistan,42.4545814,42.46613471,42.51224613,42.68554192,42.94230293,43.29480264,43.09594483,44.33609427,44.34353235,43.96343442,44.95440697,41.50402362,42.00308691,42.38609773,42.41357241,41.91249376,42.00854051,42.05696878,42.38555971,43.58521222,43.92106569,45.85130707,46.87632006,48.1612584,48.43999251,48.01629782,47.74951305,47.64655329
TZA,"Tanzania, United Republic of",38.66968171,38.62905205,38.67909187,38.75014989,38.72857279,38.58213055,38.70788013,38.93832228,38.79245072,39.13121419,38.74422955,38.09093964,38.11247138,38.3528293,38.45420157,37.7657147,37.94515558,38.23217225,38.32515852,38.61351852,38.84070523,39.66136353,39.47837652,39.4933945,39.80022576,39.80063366,40.00377052,40.38619638
THA,Thailand,48.42923617,48.43498716,48.7623811,49.21027081,49.46937742,49.56775374,49.61325011,49.67980542,49.56589983,49.10999564,49.573863,49.23807503,49.27488366,49.49701145,50.19018491,50.45223702,50.52829196,50.79692225,51.2314634,52.12503742,51.93437676,51.57951032,51.71267345,52.18333628,52.78073896,53.47250005,53.6605753,53.92789867
TLS,Timor-Leste,41.05004695,41.04005702,41.0328029,41.02797073,41.02540523,41.02282231,41.01789558,41.01124244,41.02163067,40.07054346,36.87534907,35.5095281,35.46207358,36.2615027,37.37797203,39.61131038,40.33576731,40.67684128,41.05118421,41.60249267,42.32742725,42.03930216,41.85901179,41.3765448,41.58691865,40.95039664,41.08855811,41.27965986
TGO,Togo,38.48076807,38.51481643,38.43439233,38.40257833,38.55492797,38.81936951,38.94539543,39.10891647,38.93820735,38.60292334,37.47218953,36.74375476,37.21043741,37.29592374,36.94716066,37.28768328,37.41352674,37.43021448,37.43389889,38.43058027,39.08892061,40.17405891,39.9085017,40.44000912,41.31420475,42.42096429,42.75439165,42.95500399
TON,Tonga,38.04275301,38.17817425,38.22831102,38.39156355,38.42290281,38.56199461,37.82575439,38.08424694,37.30828341,36.53017035,35.77222322,36.31888072,37.36346363,36.89575208,38.72594019,38.57671926,39.79653327,38.75665981,39.94724852,39.67016677,39.68897849,39.53196394,39.87905582,40.61762007,40.37468116,40.96818204,41.12880408,41.24999967
TTO,Trinidad and Tobago,50.33259735,50.08142268,50.41047413,50.49014284,50.23538706,50.0493662,49.87682826,49.94874734,49.76562265,49.94240105,50.94570029,46.93365522,47.26127891,47.22981393,47.0573388,47.53032862,47.91003219,48.2373485,48.58889237,49.0589101,49.22883314,48.92637919,49.00939287,48.78203828,48.14641969,48.07521859,48.14182495,48.18362629
TUN,Tunisia,49.6315499,49.85782688,49.96336349,49.9897384,50.21288199,50.46115547,50.6077388,51.03252815,51.26512214,51.55735341,51.76091549,52.93178592,53.01696965,53.10971527,53.52725144,53.37366668,53.40528821,53.1330734,52.84187636,53.44467498,53.02334761,52.40486055,52.43981834,52.25203193,52.65549176,53.19076021,52.89182584,53.03260395
TUR,Turkey,46.80341067,46.92792545,47.11251657,47.23071076,47.59009766,47.88267834,47.86509943,47.85806527,48.54451659,48.79309833,50.12451659,50.33700324,50.99163397,51.64283921,51.8334206,52.42254311,52.72805535,53.17479332,53.89806247,54.77957232,54.7500251,53.87645054,54.67619494,54.84706535,55.68297521,56.27583992,56.52165029,56.45188551
TKM,Turkmenistan,43.07282583,43.12204305,42.68902725,42.60102127,42.35655383,42.41135147,42.54257249,42.59855447,42.74125659,41.66883601,41.89400573,41.13325048,41.95402181,42.61488096,42.71038083,42.63097512,42.61187902,43.0689134,42.97983474,43.06667678,42.91856172,42.60216758,42.97462598,43.13629763,43.10600991,43.04316263,42.9759238,43.32967116
TUV,Tuvalu,52.69182273,52.70028191,52.80575177,53.11347979,52.95576448,53.03846084,52.82577992,52.73106816,52.6682636,53.03546096,51.15277048,48.96285174,49.15723447,48.98945676,48.40059003,48.08854329,47.820873,46.61372499,44.74978698,47.73725635,47.37499196,48.76291668,48.05130681,49.5026687,49.70260479,50.96377489,51.16740394,52.14120679
UGA,Uganda,36.49067127,36.43656048,36.23820126,36.25745976,35.957866,35.70463297,35.79418267,36.00926946,36.44087205,36.2782592,35.78250754,35.15563007,35.72677039,35.99384012,35.80887815,35.53385643,36.03000797,35.84372983,35.77189315,36.34357859,36.52943668,38.08149088,38.50460624,38.6289256,38.43240743,38.06809994,37.94354542,37.89326492
UKR,Ukraine,47.11164559,46.87219467,47.42613805,47.76172402,48.19531069,48.47369011,49.40210846,47.43271161,47.82246127,49.28247554,49.07939309,46.72698816,47.3972418,47.38279794,46.92223155,47.02458992,47.32803165,47.69172794,48.3705899,50.17097479,50.53272531,52.4222867,52.54589839,52.84332838,53.4046799,53.35928735,53.2520522,52.3395711
ARE,United Arab Emirates,49.30056587,49.33642141,49.39673366,49.53011804,49.77943346,50.11868316,50.98275728,51.78846668,51.13738314,51.25480531,51.81170901,53.77853606,54.18453991,54.25169904,53.97898159,55.28699248,55.96491322,56.42213712,57.72837178,58.97874248,59.06501155,58.39623414,58.74999196,58.82246891,58.99290703,59.96716051,60.16216577,60.27458891
GBR,United Kingdom,67.13101876,67.25379878,67.4374389,67.59241912,67.85493766,67.90621172,67.82469172,67.99989109,67.8482635,67.72181855,67.42753165,69.54145198,69.58035981,69.35420399,68.83022144,70.04286169,69.75775195,69.82524767,70.13603321,71.48992578,71.90950281,71.14931667,70.81772651,70.38349726,70.55205117,70.17365489,70.03839295,70.29992467
USA,United States,65.54702863,65.61698985,65.54712643,65.55630538,65.84996528,66.23087295,66.11620412,66.0880154,65.92980259,65.79305999,66.92342369,70.6970087,70.78038779,71.27077166,70.92905277,72.39094737,72.5307402,72.8157839,72.83206278,69.59927686,69.51298862,68.89143321,68.99489011,68.70696444,67.97114459,67.59856416,67.78116869,67.65573053
URY,Uruguay,48.60977145,48.64266572,48.9143264,49.08586804,48.80021598,48.91688127,49.01732892,48.90085912,48.92351998,48.18593563,48.38959057,48.22466548,49.15146075,49.34359701,49.9631417,50.79280415,50.89156093,51.86676544,52.85025617,53.86928472,53.6512776,53.51746738,53.59170027,54.17891474,54.44585586,54.92837762,55.98505344,56.16599973
UZB,Uzbekistan,46.56025665,46.49165351,46.28574459,46.10052171,46.25423255,46.36141493,47.05284843,47.65595429,47.49018935,46.50045645,45.19579047,43.52717968,44.30054996,44.94559851,44.87869923,44.36309452,44.26759747,44.76232299,45.42686218,46.70053729,47.12802777,49.11148887,49.58983413,51.43812699,51.85437297,51.84452479,52.97143026,53.47165515
VUT,Vanuatu,37.32190497,37.36964564,37.47052745,37.57915683,37.89954971,38.30586972,38.50621752,37.98773203,38.66480655,37.49453473,38.49208728,38.67693957,39.18498086,39.14563521,38.58984109,38.01256027,38.36793015,37.81221368,37.63639209,38.5623084,37.76571416,39.01914875,39.49588536,39.44349503,39.51823937,41.01280822,41.27790947,41.24668364
VEN,"Venezuela, Bolivarian Republic o",45.75355708,45.68864793,45.78977981,45.73857741,45.80446403,45.87988367,45.45457836,44.68781894,44.18582354,44.43193189,44.71294992,43.46865904,43.35985614,43.43949848,43.00360485,42.3586821,42.451036,42.34375794,42.2373298,41.82588337,41.5103762,41.96022486,41.52173744,40.84409486,40.88718406,40.57129705,40.65376032,41.03920655
VNM,Viet Nam,41.89319627,42.00693623,42.04662328,42.13926048,42.23084971,42.54209139,42.41420227,42.27249913,42.35613853,42.45580522,43.66254638,44.1543395,44.5270711,44.63221263,44.61469725,43.94099754,44.62071804,44.76562436,45.397,46.0885767,46.17794696,47.06129074,47.15513948,47.58451244,47.81016906,48.05606017,48.46274475,48.70443269
YEM,Yemen,37.22901232,37.29899636,37.21762984,37.28288694,37.41273494,37.46454942,37.41361217,37.48037368,37.6839698,37.51053072,38.06430457,38.12622414,38.45715176,38.24732213,38.98104249,39.1213287,38.66511624,38.98387652,38.30058481,37.53942318,36.80674831,35.69478843,36.49868034,35.96481544,36.17189162,36.15113555,36.03973388,36.16816909
ZMB,Zambia,40.634959,40.61614175,40.76433162,40.73541316,40.78926842,40.80925721,40.81551161,39.88927675,40.71713651,40.16388707,39.84886616,39.6784215,39.9642523,40.38655927,40.26409944,39.90733293,40.40231856,40.77126686,40.8979381,41.57338201,41.00661397,41.76734569,41.78210493,41.83059608,41.71803488,41.44343043,41.69372937,42.11934269
ZWE,Zimbabwe,38.43870016,38.22500344,38.05648327,37.80357866,36.79373616,35.6811149,35.27723255,34.6203213,34.69557351,34.34165261,33.92994081,33.63128792,33.64402396,32.91573529,32.8132651,32.15187995,32.555996,33.31064176,33.35661679,33.61199501,33.92850289,34.54622839,34.76834781,35.19664901,35.50478229,35.55798265,35.87677032,36.21447151
